No,NIP,Nama Lengkap,Departemen,Jabatan,Penempatan,Gaji Pokok,Tarif Lembur/Jam,Skema Pesangon
1,FR07001,"Hasri. S","Dept. of Human Capital & General","Staff of Sec. of Household","KANTOR PUSAT SEMEN TONASA",4045050,23381.79,tabungan
2,FR07002,"Riza Usalli, SE","Dept. of Human Capital & General","Staff of Sec. of Household","KANTOR PUSAT SEMEN TONASA",4045050,23381.79,tabungan
3,FR07003,"Musliadi","Dept. of Human Capital & General","Staff of Sec. of Household","KANTOR PUSAT SEMEN TONASA",4045050,23381.79,tabungan
4,FR07004,"Muliana","Dept. of Human Capital & General","Staff of Sec. of Household","KANTOR PUSAT SEMEN TONASA",4045050,23381.79,tabungan
5,FR07005,"Arianti","Dept. of Human Capital & General","Staff of Sec. of Household","WISMA BIRING ERE",4045050,23381.79,tabungan
6,FR07006,"M. Sulpan A","Dept. of Human Capital & General","Staff of Sec. of Household","WISMA BIRING ERE",4045050,23381.79,tabungan
7,FR07007,"Misran","Dept. of Human Capital & General","Staff of Sec. of Household","KANTOR PUSAT SEMEN TONASA",4045050,23381.79,tabungan
8,FR07008,"Hasrul. J","Dept. of Human Capital & General","Staff of Sec. of Household","WISMA BIRING ERE",4045050,23381.79,tabungan
9,FR07009,"Eri Subara","Dept. of Human Capital & General","Staff of Sec. of Household","WISMA BIRING ERE",4045050,23381.79,tabungan
10,FR07010,"Irfan Ibrahim","Dept. of Human Capital & General","Staff of Sec. of Household","WISMA BIRING ERE",4045050,23381.79,tabungan
11,FR07011,"Irman","Dept. of Human Capital & General","Staff of Sec. of Household","WISMA MAKASSAR",4181940,24173.06,tabungan
12,FR07012,"Reza Syahputra","Dept. of Human Capital & General","Staff of Sec. of Household","WISMA BIRING ERE",4045050,23381.79,tabungan
13,FR07013,"Irnawati","Dept. of Human Capital & General","Staff of Sec. of Household","WISMA BIRING ERE",4045050,23381.79,tabungan
14,FR07014,"Harlina","Dept. of Human Capital & General","Staff of Sec. of Household","WISMA BIRING ERE",4045050,23381.79,tabungan
15,FR07015,"Muh. Aksa","Dept. of Human Capital & General","Staff of Sec. of Household","WISMA MAKASSAR",4181940,24173.06,tabungan
16,FR07016,"Ita Purnamasari","Dept. of Human Capital & General","Staff of Sec. of Household","WISMA BIRING ERE",4045050,23381.79,tabungan
17,FR07017,"Serianti","Dept. of Human Capital & General","Staff of Sec. of Household","WISMA BIRING ERE",4045050,23381.79,tabungan
18,FR07018,"Hasraty Thalib","Dept. of Human Capital & General","Staff of Sec. of Household","WISMA BIRING ERE",4045050,23381.79,tabungan
19,FR07019,"Hasriani","Dept. of Human Capital & General","Staff of Sec. of Household","WISMA BIRING ERE",4045050,23381.79,tabungan
20,FR07020,"Sitti Rahmah","Dept. of Human Capital & General","Staff of Sec. of Household","WISMA BIRING ERE",4045050,23381.79,tabungan
21,FR07021,"Arnilam Tsyania","Dept. of Human Capital & General","Staff of Sec. of Household","WISMA BIRING ERE",4045050,23381.79,tabungan
22,FR07022,"Bonang","Dept. of Human Capital & General","Staff of Sec. of Household","WISMA BIRING ERE",4045050,23381.79,tabungan
23,FR07023,"Haidir","Dept. of Human Capital & General","Staff of Sec. of Household","WISMA BIRING ERE",4045050,23381.79,tabungan
24,FR07024,"Achmad Hariyono","Dept. of Human Capital & General","Staff of Sec. of Household","WISMA BIRING ERE",4045050,23381.79,tabungan
25,FR07025,"Kamaruddin","Dept. of Human Capital & General","Staff of Sec. of Household","WISMA BIRING ERE",4045050,23381.79,tabungan
26,FR07026,"Sofyan","Dept. of Human Capital & General","Staff of Sec. of Household","WISMA MAKASSAR",4181940,24173.06,tabungan
27,FR07027,"Rusli","Dept. of Human Capital & General","Staff of Sec. of Household","WISMA MAKASSAR",4181940,24173.06,tabungan
28,FR07028,"Nur Afiah Ali","Dept. of Human Capital & General","Staff of Sec. of Household","WISMA BIRING ERE",4045050,23381.79,tabungan
29,FR07029,"Ishaq Zulkarnain","Dept. of Human Capital & General","Staff of Sec. of Household","WISMA BIRING ERE",4045050,23381.79,tabungan
30,FR07030,"Muh. Yusuf","Dept. of Human Capital & General","Staff of Sec. of Household","WISMA BIRING ERE",4045050,23381.79,tabungan
31,FR07031,"Dahrial","Dept. of Human Capital & General","Staff of Sec. of Household","WISMA BIRING ERE",4045050,23381.79,tabungan
32,FR07032,"Risdianto","Dept. of Human Capital & General","Staff of Sec. of Household","WISMA MAKASSAR",4181940,24173.06,tabungan
33,FR07033,"Ishak HN","Dept. of Human Capital & General","Staff of Sec. of Household","WISMA BIRING ERE",4045050,23381.79,tabungan
34,FR07034,"Yusran Idris","Dept. of Distribution Management","Tech of Inventory Management 2","TIMBANGAN 2/3",4045050,23381.79,cash_with_salary
35,FR07035,"Armin Amir","Dept. of Distribution Management","Tech of Inventory Management 2","TIMBANGAN 4/5",4045050,23381.79,cash_with_salary
36,FR07036,"Afdal Amal Hidayat","Dept. of Distribution Management","Tech of Inventory Management 2","TIMBANGAN 4/5",4045050,23381.79,cash_with_salary
37,FR07037,"Daniel Rantika","Dept. of Distribution Management","Tech of Inventory Management 2","TIMBANGAN 4/5",4045050,23381.79,cash_with_salary
38,FR07038,"Muhammad Dahlan Caddi","Dept. of Distribution Management","Tech of Inventory Management 2","TIMBANGAN 2/3",4045050,23381.79,cash_with_salary
39,FR07039,"Muh. Nawir","Dept. of Distribution Management","Tech of Inventory Management 2","TIMBANGAN 2/3",4045050,23381.79,cash_with_salary
40,FR07040,"Suhardi","Dept. of Distribution Management","Tech of Inventory Management 2","TIMBANGAN 2/3",4045050,23381.79,cash_with_salary
41,FR07041,"Sahrul","Dept. of Distribution Management","Tech of Inventory Management 2","TIMBANGAN 2/3",4045050,23381.79,cash_with_salary
42,FR07042,"M. Reza Angga Dwi S","Dept. of Distribution Management","Tech of Inventory Management 2","MATCHING BONTOA",4148050,23977.17,cash_with_salary
43,FR07043,"A. Firri Makkaraka","Dept. of Distribution Management","Tech of Inventory Management 2","TIMBANGAN 4/5",4045050,23381.79,cash_with_salary
44,FR07044,"Ichtiar","Dept. of Distribution Management","Tech of Inventory Management 2","KANTOR PUSAT SEMEN TONASA",4148050,23977.17,cash_with_salary
45,FR07045,"Rudini Hanupe","Dept. of Distribution Management","Tech of Inventory Management 2","TIMBANGAN 2/3",4045050,23381.79,cash_with_salary
46,FR07046,"Rusdi Aryanto","Dept. of Distribution Management","Tech of Inventory Management 2","MATCHING BONTOA",4148050,23977.17,cash_with_salary
47,FR07047,"Tedi Harianto","Dept. of Distribution Management","Tech of Inventory Management 2","TIMBANGAN 2/3",4045050,23381.79,cash_with_salary
48,FR07048,"Lukman. K","Dept. of Distribution Management","Tech of Shipment Management 2","TIMBANGAN 4/5",4045050,23381.79,cash_with_salary
49,FR07049,"Ardi Rizal","Dept. of Distribution Management","Tech of Shipment Management 2","TIMBANGAN 4/5",4045050,23381.79,cash_with_salary
50,FR07050,"Arwan","Dept. of Distribution Management","Tech of Inventory Management 2","TIMBANGAN 4/5",4045050,23381.79,cash_with_salary
51,FR07051,"Muh Yunus","Dept. of Distribution Management","Tech of Inventory Management 2","TIMBANGAN 4/5",4045050,23381.79,cash_with_salary
52,FR07052,"Zulkifli Syafruddin","Dept. of Distribution Management","Tech of Inventory Management 2","TIMBANGAN 4/5",4045050,23381.79,cash_with_salary
53,FR07053,"Fakrul Islam","Dept. of Distribution Management","Tech of Inventory Management 2","TIMBANGAN 2/3",4045050,23381.79,cash_with_salary
54,FR07054,"Ruslan","Dept. of Distribution Management","Tech of Inventory Management 2","TIMBANGAN 4/5",4045050,23381.79,cash_with_salary
55,FR07055,"Ramli","Dept. of Distribution Management","Tech of Inventory Management 2","TIMBANGAN 2/3",4045050,23381.79,cash_with_salary
56,FR07056,"Muh Yunus","Dept. of Distribution Management","Tech of Inventory Management 2","TIMBANGAN 4/5",4045050,23381.79,cash_with_salary
57,FR07057,"Herman","Dept. of Distribution Management","Tech of Inventory Management 2","SEGEL 4/5",4117150,23798.55,cash_with_salary
58,FR07058,"Muhammad Rizky Mahendra","Dept. of Distribution Management","Tech of Inventory Management 2","SEGEL 4/5",4117150,23798.55,cash_with_salary
59,FR07059,"Selgi Salpatur Ramadan","Dept. of Distribution Management","Tech of Inventory Management 2","SEGEL 4/5",4117150,23798.55,cash_with_salary
60,FR07060,"Sunardi","Dept. of Distribution Management","Tech of Inventory Management 2","SEGEL 4/5",4117150,23798.55,cash_with_salary
61,FR07061,"Agus Reynaldi","Dept. of Distribution Management","Tech of Inventory Management 2","SEGEL 4/5",4117150,23798.55,cash_with_salary
62,FR07062,"Andri Cahyono","Dept. of Distribution Management","Tech of Inventory Management 2","SEGEL 4/5",4117150,23798.55,cash_with_salary
63,FR07063,"Dini Ramadhan","Dept. of Distribution Management","Tech of Inventory Management 2","SEGEL 4/5",4117150,23798.55,cash_with_salary
64,FR07064,"Sahrul Hidayat","Dept. of Distribution Management","Tech of Inventory Management 2","SEGEL 4/5",4117150,23798.55,cash_with_salary
65,FR07065,"Honnes Amos Daud","Dept. of Transportation Management","Operational Transprtation IX","MATCHING BONTOA",4045050,23381.79,cash_with_salary
66,FR07066,"Rusli","Dept. of Transportation Management","Operational Transprtation IX","MATCHING BONTOA",4045050,23381.79,cash_with_salary
67,FR07067,"Yoga Junsrianto Saputra","Dept. of Transportation Management","Operational Transprtation IX","MATCHING BONTOA",4045050,23381.79,cash_with_salary
68,FR07068,"Fadly Ardiansyah","Dept. of Transportation Management","Operational Transprtation IX","MATCHING BONTOA",4045050,23381.79,cash_with_salary
69,FR07069,"Amrin Amir","Dept. of Distribution Management","Tech of Inventory Management 2","MATCHING BONTOA",4045050,23381.79,cash_with_salary
70,FR07070,"Muhammad Afdhal Wahid","Dept. of Distribution Management","Tech of Inventory Management 2","MATCHING BONTOA",4045050,23381.79,cash_with_salary
71,FR07071,"Juanda Fatahillah Manaf","Dept. of Distribution Management","Tech of Inventory Management 2","MATCHING BONTOA",4045050,23381.79,cash_with_salary
72,FR07072,"Muhammad Khaeril Amri","Dept. of Distribution Management","Tech of Inventory Management 2","MATCHING BONTOA",4045050,23381.79,cash_with_salary
73,FR07073,"Irfan Dg Ronrong","Dept. of Distribution Management","Tech of Inventory Management 2","MATCHING MACCINI BAJI",4045050,23381.79,cash_with_salary
74,FR07074,"Muh Ikram","Dept. of Distribution Management","Tech of Inventory Management 2","MATCHING MACCINI BAJI",4045050,23381.79,cash_with_salary
75,FR07075,"Rahmatan","Dept. of Distribution Management","Tech of Inventory Management 2","MATCHING MACCINI BAJI",4045050,23381.79,cash_with_salary
76,FR07076,"Muh. Adam","Dept. of Distribution Management","Tech of Inventory Management 2","MATCHING MACCINI BAJI",4045050,23381.79,cash_with_salary
77,FR07077,"Zulkifli Nasir","Dept. of Distribution Management","Tech of Shipment Management 2","MATCHING PP MAKASSAR",4181940,24173.06,cash_with_salary
78,FR07078,"Wahyudi","Dept. of Distribution Management","Tech of Shipment Management 2","MATCHING PP MAKASSAR",4181940,24173.06,cash_with_salary
79,FR07079,"Wahyu","Dept. of Distribution Management","Tech of Shipment Management 2","MATCHING PAOTERE",4181940,24173.06,cash_with_salary
80,FR07080,"Andi Muh Raihan Ramadhan","Dept. of Distribution Management","Tech of Shipment Management 2","MATCHING PAOTERE",4181940,24173.06,cash_with_salary